name,updateTime,type,subType,distanceToArrival,isLandable,gravity,earthMasses,radius,surfaceTemperature,volcanismType,orbitalEccentricity,orbitalInclination,argOfPeriapsis,rotationalPeriod,rotationalPeriodTidallyLocked,axialTilt,orbitalPeriod,semiMajorAxis,SolidComp-Ice,SolidComp-Rock,SolidComp-Metal,isMainStar,isScoopable,age,luminosity,surfaceTemperature,Antimony,Arsenic,Boron,Cadmium,Carbon,Chromium,Germanium,Iron,Lead,Manganese,Mercury,Molybdenum,Nickel,Niobium,Phosphorus,Polonium,Rhenium,Ruthenium,Selenium,Sulphur,Technetium,Tellurium,Tin,Tungsten,Vanadium,Yttrium,Zinc,Zirconium,hasRings,
Carbon dioxide
Sulphur dioxide
Nitrogen
Ammonia
Nitrogen
Oxygen
Water
Ammonia
Methane
Nitrogen
Carbon dioxide
Sulphur dioxide
Ammonia
Methane
Nitrogen
Nitrogen
Neon
Nitrogen
Oxygen
Hydrogen
Helium
Hydrogen
Helium
Ammonia
Ammonia
Hydrogen
Helium
Ammonia
Hydrogen
Helium
Hydrogen
Helium
Water
Silicates
Carbon dioxide
Carbon dioxide
Sulphur dioxide
Carbon dioxide
Nitrogen
Sulphur dioxide
Hydrogen
Helium
Hydrogen
Helium
Oxygen
Carbon dioxide
Sulphur dioxide
Carbon dioxide
Nitrogen
Sulphur dioxide
Hydrogen
Helium
Hydrogen
Helium
Hydrogen
Helium
Hydrogen
Helium
Methane
Methane
Methane
Methane
Methane
Hydrogen
Helium
Helium
Hydrogen
Neon
Sulphur dioxide
Silicates
Silicates
Carbon dioxide
Sulphur dioxide
Hydrogen
Helium
Hydrogen
Helium
Argon
Nitrogen
Helium
Nitrogen
Hydrogen
Hydrogen
Helium
Hydrogen
Helium
Carbon dioxide
Ammonia
Carbon dioxide
Sulphur dioxide
Carbon dioxide
Sulphur dioxide
Hydrogen
Helium
Carbon dioxide
Ammonia
Sulphur dioxide
Sulphur dioxide
Silicates
Oxygen
Hydrogen
Helium
Ammonia
Sulphur dioxide
Silicates
Ammonia
Carbon dioxide
Ammonia
Water
Nitrogen
Argon
Helium
Hydrogen
Helium
Sulphur dioxide
Sulphur dioxide
Sulphur dioxide
Sulphur dioxide
Sulphur dioxide
Silicates
Hydrogen
Helium
Nitrogen
Argon
Helium
Hydrogen
Helium
Hydrogen
Helium
Carbon dioxide
Ammonia
Carbon dioxide
Sulphur dioxide
Sulphur dioxide
Silicates
Silicates
Carbon dioxide
Sulphur dioxide
Hydrogen
Helium
Carbon dioxide
Sulphur dioxide
Methane
Nitrogen
Argon
Methane
Methane
Methane
Methane
Methane
Methane
Nitrogen
Methane
Methane
Methane
Nitrogen
Methane
Hydrogen
Helium
Hydrogen
Helium
Carbon dioxide
Ammonia
Hydrogen
Helium
Carbon dioxide
Ammonia
Hydrogen
Helium
Sulphur dioxide
Silicates
Oxygen
Carbon dioxide
Sulphur dioxide
Carbon dioxide
Sulphur dioxide
Ammonia
Carbon dioxide
Sulphur dioxide
Ammonia
Carbon dioxide
Sulphur dioxide
Nitrogen
Neon
Nitrogen
Argon
Iron
Silicates
Hydrogen
Helium
Carbon dioxide
Ammonia
Sulphur dioxide
Carbon dioxide
Sulphur dioxide
Carbon dioxide
Sulphur dioxide
Carbon dioxide
Sulphur dioxide
Carbon dioxide
Sulphur dioxide
Hydrogen
Helium
Methane
Nitrogen
Carbon dioxide
Carbon dioxide
Sulphur dioxide
Sulphur dioxide
Sulphur dioxide
Carbon dioxide
Sulphur dioxide
Argon
Nitrogen
Argon
Nitrogen
Argon
Oxygen
Argon
Nitrogen
Argon
Nitrogen
Hydrogen
Helium
Carbon dioxide
Sulphur dioxide
Ammonia
Hydrogen
Helium
Hydrogen
Helium
Hydrogen
Helium
Hydrogen
Helium
Methane
Nitrogen
Ammonia
Sulphur dioxide
Water
Nitrogen
Argon
Oxygen
Hydrogen
Helium
Hydrogen
Helium
Hydrogen
Helium
Hydrogen
Helium
Hydrogen
Helium
Sulphur dioxide
Silicates
Oxygen
Water
Ammonia
Nitrogen
Hydrogen
Helium
Hydrogen
Helium
Argon
Hydrogen
Helium
Hydrogen
Helium
Oxygen
Carbon dioxide
Sulphur dioxide
Carbon dioxide
Sulphur dioxide
Hydrogen
Helium
Hydrogen
Helium
Carbon dioxide
Ammonia
Sulphur dioxide
Carbon dioxide
Ammonia
Sulphur dioxide
Carbon dioxide
Ammonia
Sulphur dioxide
Carbon dioxide
Sulphur dioxide
Ammonia
Carbon dioxide
Sulphur dioxide
Ammonia
Hydrogen
Helium
Nitrogen
Argon
Helium
Hydrogen
Helium
Carbon dioxide
Nitrogen
Sulphur dioxide
Nitrogen
Hydrogen
Helium
Hydrogen
Helium
Ammonia
Methane
Nitrogen
Hydrogen
Helium
Nitrogen
Argon
Nitrogen
Argon
Nitrogen
Argon
Hydrogen
Helium
Hydrogen
Helium
Carbon dioxide
Ammonia
Sulphur dioxide
Carbon dioxide
Sulphur dioxide
Carbon dioxide
Sulphur dioxide
Carbon dioxide
Sulphur dioxide
Hydrogen
Helium
Hydrogen
Helium
Nitrogen
Nitrogen
Neon
Methane
Nitrogen
Argon
Neon
Neon
Helium
Hydrogen
Neon
Hydrogen
Helium
Hydrogen
Helium
Carbon dioxide
Sulphur dioxide
Hydrogen
Helium
Carbon dioxide
Sulphur dioxide
Carbon dioxide
Sulphur dioxide
Nitrogen
Hydrogen
Helium
Hydrogen
Helium
Hydrogen
Helium
Carbon dioxide
Ammonia
Sulphur dioxide
Nitrogen
Argon
Sulphur dioxide
Methane
Silicates
Methane
Methane
Methane
Methane
Methane
Methane
Argon
Nitrogen
Methane
Argon
Hydrogen
Helium
Argon
Argon
Argon
Argon
Argon
Argon
Argon
Helium
Hydrogen
Neon
Hydrogen
Helium
Hydrogen
Helium
Nitrogen
Argon
Hydrogen
Helium
Carbon dioxide
Sulphur dioxide
Carbon dioxide
Sulphur dioxide
Hydrogen
Helium
Hydrogen
Helium
Silicates
Carbon dioxide
Sulphur dioxide
Water
Carbon dioxide
Silicates
Hydrogen
Helium
Oxygen
Ammonia
Ammonia
Ammonia
Hydrogen
Helium
Carbon dioxide
Carbon dioxide
Carbon dioxide
Carbon dioxide
Carbon dioxide
Sulphur dioxide
Sulphur dioxide
Sulphur dioxide
Carbon dioxide
Sulphur dioxide
Carbon dioxide
Nitrogen
Sulphur dioxide
Water
Carbon dioxide
Sulphur dioxide
Nitrogen
Ammonia
Oxygen
Nitrogen
Methane
Nitrogen
Ammonia
Carbon dioxide
Nitrogen
Oxygen
Carbon dioxide
Nitrogen
Sulphur dioxide
Carbon dioxide
Nitrogen
Sulphur dioxide
Nitrogen
Nitrogen
Oxygen
Carbon dioxide
Hydrogen
Helium
Hydrogen
Helium
Ammonia
Methane
Nitrogen
Nitrogen
Oxygen
Carbon dioxide
Carbon dioxide
Nitrogen
Oxygen
Carbon dioxide
Nitrogen
Methane
Carbon dioxide
Nitrogen
Methane
Nitrogen
Nitrogen
Neon
Helium
Nitrogen
Helium
Hydrogen
Neon
Hydrogen
Helium
Hydrogen
Helium
Hydrogen
Helium
Hydrogen
Helium
Hydrogen
Helium
Carbon dioxide
Carbon dioxide
Hydrogen
Helium
Hydrogen
Helium
Methane
Carbon dioxide
Sulphur dioxide
Methane
Methane
Sulphur dioxide
Ammonia
Methane
Sulphur dioxide
Ammonia
Methane
Methane
Hydrogen
Helium
Carbon dioxide
Nitrogen
Sulphur dioxide
Hydrogen
Helium
Oxygen
Carbon dioxide
Sulphur dioxide
Carbon dioxide
Sulphur dioxide
Sulphur dioxide
Silicates
Oxygen
Hydrogen
Helium
Hydrogen
Helium
Hydrogen
Helium
Silicates
Water
Carbon dioxide
Hydrogen
Helium
Hydrogen
Helium
Nitrogen
Argon
Oxygen
Hydrogen
Helium
Sulphur dioxide
Silicates
Oxygen
Hydrogen
Helium
Hydrogen
Helium
Helium
Hydrogen
Neon
Hydrogen
Helium
Water
Water
Water
Water
Water
Hydrogen
Helium
Sulphur dioxide
Silicates
Oxygen
Hydrogen
Helium
Nitrogen
Oxygen
Argon
Hydrogen
Helium
Water
Ammonia
Methane
Hydrogen
Helium
Hydrogen
Helium
Water
Ammonia
Methane
Carbon dioxide
Sulphur dioxide
Carbon dioxide
Sulphur dioxide
Carbon dioxide
Sulphur dioxide
Nitrogen
Carbon dioxide
Argon
Sulphur dioxide
Water
Nitrogen
Ammonia
Methane
Nitrogen
Ammonia
Hydrogen
Helium
Ammonia
Methane
Nitrogen
Hydrogen
Helium
Sulphur dioxide
Sulphur dioxide
Ammonia
Nitrogen
Oxygen
Hydrogen
Helium
Carbon dioxide
Carbon dioxide
Sulphur dioxide
Carbon dioxide
Sulphur dioxide
Carbon dioxide
Sulphur dioxide
Hydrogen
Helium
Hydrogen
Helium
Hydrogen
Helium
Carbon dioxide
Silicates
Nitrogen
Hydrogen
Helium
Hydrogen
Helium
Hydrogen
Helium
Hydrogen
Helium
Carbon dioxide
Sulphur dioxide
Ammonia
Methane
Nitrogen
Helium
Hydrogen
Neon
Nitrogen
Argon
Methane
Carbon dioxide
Sulphur dioxide
Carbon dioxide
Sulphur dioxide
Nitrogen
Water
Nitrogen
Carbon dioxide
Water
Nitrogen
Ammonia
Methane
Nitrogen
Oxygen
Nitrogen
Carbon dioxide
Nitrogen
Oxygen
Ammonia
Methane
Nitrogen
Helium
Nitrogen
Neon
Nitrogen
Carbon dioxide
Ammonia
Nitrogen
Carbon dioxide
Nitrogen
Carbon dioxide
Oxygen
Nitrogen
Carbon dioxide
Sulphur dioxide
Hydrogen
Helium
Oxygen
Hydrogen
Helium
Carbon dioxide
Ammonia
Sulphur dioxide
Carbon dioxide
Sulphur dioxide
Argon
Hydrogen
Helium
Hydrogen
Helium
Hydrogen
Helium
Hydrogen
Helium
Methane
Methane
Sulphur dioxide
Ammonia
Methane
Methane
Helium
Hydrogen
Nitrogen
Carbon dioxide
Nitrogen
Oxygen
Nitrogen
Methane
Helium
Helium
Neon
Carbon dioxide
Oxygen
Sulphur dioxide
Helium
Ammonia
Ammonia
Methane
Nitrogen
Ammonia
Methane
Nitrogen
Helium
Hydrogen
Nitrogen
Hydrogen
Helium
Hydrogen
Helium
Sulphur dioxide
Silicates
Oxygen
Carbon dioxide
Sulphur dioxide
Hydrogen
Helium
Sulphur dioxide
Silicates
Oxygen
Hydrogen
Helium
Sulphur dioxide
Silicates
Oxygen
Hydrogen
Helium
Oxygen
Sulphur dioxide
Silicates
Oxygen
Nitrogen
Argon
Oxygen
Nitrogen
Argon
Oxygen
Sulphur dioxide
Silicates
Oxygen
Sulphur dioxide
Silicates
Oxygen
Nitrogen
Oxygen
Helium
Carbon dioxide
Nitrogen
Sulphur dioxide
Water
Carbon dioxide
Nitrogen
Hydrogen
Helium
Hydrogen
Helium
Hydrogen
Helium
Nitrogen
Argon
Hydrogen
Helium
Hydrogen
Helium
Methane
Helium
Hydrogen
Neon
Silicates
Carbon dioxide
Nitrogen
Sulphur dioxide
Nitrogen
Ammonia
Nitrogen
Oxygen
Hydrogen
Helium
Hydrogen
Helium
Sulphur dioxide
Silicates
Oxygen
Hydrogen
Helium
Sulphur dioxide
Silicates
Oxygen
Hydrogen
Helium
Ammonia
Methane
Nitrogen
Hydrogen
Helium
Hydrogen
Helium
Hydrogen
Helium
Nitrogen
Hydrogen
Helium
Hydrogen
Helium
Methane
Nitrogen
Carbon dioxide
Hydrogen
Helium
Sulphur dioxide
Silicates
Ammonia
Carbon dioxide
Ammonia
Carbon dioxide
Ammonia
Sulphur dioxide
Hydrogen
Helium
Hydrogen
Helium
Hydrogen
Helium
Hydrogen
Helium
Methane
Methane
Methane
Silicates
Carbon dioxide
Sulphur dioxide
Hydrogen
Helium
Methane
Methane
Methane
Methane
Hydrogen
Helium
Methane
Sulphur dioxide
Ammonia
Methane
Carbon dioxide
Sulphur dioxide
Hydrogen
Helium
Methane
Methane
Hydrogen
Helium
Hydrogen
Helium
Methane
Nitrogen
Ammonia
Hydrogen
Helium
Hydrogen
Helium
Sulphur dioxide
Silicates
Oxygen
Hydrogen
Helium
Carbon dioxide
Carbon dioxide
Carbon dioxide
Hydrogen
Helium
Hydrogen
Helium
Oxygen
Hydrogen
Helium
Nitrogen
Argon
Helium
Hydrogen
Helium
Ammonia
Methane
Nitrogen
Ammonia
Methane
Nitrogen
Helium
Neon
Carbon dioxide
Nitrogen
Sulphur dioxide
Helium
Sulphur dioxide
Silicates
Oxygen
Helium
Water
Water
Water
Hydrogen
Helium
Sulphur dioxide
Hydrogen
Helium
Hydrogen
Helium
Carbon dioxide
Hydrogen
Helium
Hydrogen
Hydrogen
Helium
Carbon dioxide
Nitrogen
Sulphur dioxide
Ammonia
Nitrogen
Oxygen
Ammonia
Methane
Nitrogen
Ammonia
Methane
Nitrogen
Nitrogen
Argon
Oxygen
Ammonia
Nitrogen
Helium
Hydrogen
Helium
Hydrogen
Helium
Methane
Methane
Neon
Sulphur dioxide
Carbon dioxide
Nitrogen
Sulphur dioxide
Argon
Helium
Hydrogen
Helium
Oxygen
Carbon dioxide
Sulphur dioxide
Hydrogen
Helium
Helium
Silicates
Hydrogen
Helium
Hydrogen
Helium
Hydrogen
Helium
Hydrogen
Helium
Carbon dioxide
Sulphur dioxide
Carbon dioxide
Sulphur dioxide
Sulphur dioxide
Silicates
Oxygen
Methane
Nitrogen
Ammonia
Hydrogen
Helium
Ammonia
Methane
Nitrogen
Sulphur dioxide
Silicates
Oxygen
Carbon dioxide
Sulphur dioxide
Carbon dioxide
Sulphur dioxide
Ammonia
Methane
Nitrogen
Hydrogen
Helium
Sulphur dioxide
Silicates
Oxygen
Hydrogen
Helium
Carbon dioxide
Ammonia
Sulphur dioxide
Hydrogen
Helium
Silicates
Hydrogen
Helium
Water
Water
Sulphur dioxide
Water
Carbon dioxide
Argon
Sulphur dioxide
Water
Ammonia
Carbon dioxide
Ammonia
Sulphur dioxide
Nitrogen
Argon
Helium
Hydrogen
Helium
Hydrogen
Helium
Oxygen
Hydrogen
Helium
Hydrogen
Helium
Hydrogen
Helium
Hydrogen
Helium
Carbon dioxide
Sulphur dioxide
Sulphur dioxide
Carbon dioxide
Sulphur dioxide
Nitrogen
Oxygen
Water
Nitrogen
Ammonia
Water
Nitrogen
Ammonia
Methane
Nitrogen
Ammonia
Carbon dioxide
Sulphur dioxide
Carbon dioxide
Sulphur dioxide
Nitrogen
Oxygen
Water
Nitrogen
Nitrogen
Nitrogen
Argon
Carbon dioxide
Sulphur dioxide
Nitrogen
Carbon dioxide
Carbon dioxide
Sulphur dioxide
Nitrogen
Carbon dioxide
Sulphur dioxide
Carbon dioxide
Sulphur dioxide
Nitrogen
Nitrogen
Oxygen
Nitrogen
Argon
Nitrogen
Neon
Argon
Carbon dioxide
Sulphur dioxide
Nitrogen
Oxygen
Nitrogen
Argon
Nitrogen
Nitrogen
Methane
Argon
Methane
Nitrogen
Sulphur dioxide
Nitrogen
Neon
Helium
Neon
Carbon dioxide
Nitrogen
Sulphur dioxide
Nitrogen
Carbon dioxide
Oxygen
Carbon dioxide
Nitrogen
Sulphur dioxide
Carbon dioxide
Nitrogen
Oxygen
Carbon dioxide
Sulphur dioxide
Sulphur dioxide
Nitrogen
Argon
Nitrogen
Argon
Nitrogen
Argon
Hydrogen
Helium
Sulphur dioxide
Hydrogen
Helium
Hydrogen
Helium
Hydrogen
Helium
Hydrogen
Helium
Hydrogen
Helium
Hydrogen
Helium
Hydrogen
Helium
Methane
Methane
Methane
Methane
Methane
Methane
Methane
Helium
Hydrogen
Neon
Silicates
Iron
Carbon dioxide
Ammonia
Nitrogen
Oxygen
Sulphur dioxide
Silicates
Oxygen
Ammonia
Nitrogen
Oxygen
Helium
Iron
Silicates
Silicates
Iron
Carbon dioxide
Sulphur dioxide
Carbon dioxide
Sulphur dioxide
Water
Ammonia
Methane
Hydrogen
Helium
Sulphur dioxide
Silicates
Oxygen
Ammonia
Carbon dioxide
Ammonia
Sulphur dioxide
Water
Ammonia
Methane
Nitrogen
Argon
Helium
Hydrogen
Helium
Hydrogen
Helium
Oxygen
Carbon dioxide
Ammonia
Sulphur dioxide
Hydrogen
Helium
Sulphur dioxide
Silicates
Oxygen
Carbon dioxide
Sulphur dioxide
Hydrogen
Helium
Hydrogen
Helium
Carbon dioxide
Ammonia
Sulphur dioxide
Hydrogen
Helium
Hydrogen
Helium
Methane
Methane
Methane
Hydrogen
Helium
Sulphur dioxide
Silicates
Oxygen
Sulphur dioxide
Hydrogen
Helium
Argon
Hydrogen
Helium
Ammonia
Methane
Nitrogen
Methane
Sulphur dioxide
Hydrogen
Helium
Carbon dioxide
Sulphur dioxide
Carbon dioxide
Sulphur dioxide
Hydrogen
Helium
Hydrogen
Helium
Hydrogen
Helium
Hydrogen
Helium
Methane
Methane
Methane
Methane
Methane
Methane
Nitrogen
Sulphur dioxide
Helium
Hydrogen
Neon
Hydrogen
Helium
Methane
Methane
Methane
Methane
Hydrogen
Helium
Helium
Neon
Hydrogen
Helium
Hydrogen
Helium
Sulphur dioxide
Silicates
Oxygen
Hydrogen
Helium
Hydrogen
Helium
Sulphur dioxide
Silicates
Oxygen
Hydrogen
Helium
Nitrogen
Oxygen
Carbon dioxide
Hydrogen
Helium
Carbon dioxide
Nitrogen
Sulphur dioxide
Water
Carbon dioxide
Silicates
Water
Carbon dioxide
Ammonia
Hydrogen
Helium
Hydrogen
Helium
Hydrogen
Helium
Carbon dioxide
Carbon dioxide
Hydrogen
Helium
Ammonia
Hydrogen
Helium
Sulphur dioxide
Silicates
Oxygen
Hydrogen
Helium
Water
Ammonia
Methane
Hydrogen
Helium
Ammonia
Methane
Nitrogen
Hydrogen
Helium
Sulphur dioxide
Sulphur dioxide
Hydrogen
Helium
Hydrogen
Helium
Hydrogen
Helium
Hydrogen
Helium
Hydrogen
Helium
Methane
Methane
Methane
Methane
Methane
Methane
Methane
Methane
Argon
Hydrogen
Helium
Helium
Hydrogen
Neon
Ammonia
Nitrogen
Oxygen
Carbon dioxide
Nitrogen
Water
Hydrogen
Helium
Hydrogen
Helium
Hydrogen
Helium
Hydrogen
Helium
Nitrogen
Methane
Argon
Hydrogen
Helium
Hydrogen
Helium
Hydrogen
Helium
Methane
Methane
Methane
Methane
Methane
Methane
Hydrogen
Helium
Hydrogen
Helium
Sulphur dioxide
Silicates
Oxygen
Carbon dioxide
Sulphur dioxide
Carbon dioxide
Nitrogen
Sulphur dioxide
Nitrogen
Hydrogen
Helium
Hydrogen
Helium
Carbon dioxide
Sulphur dioxide
Carbon dioxide
Sulphur dioxide
Carbon dioxide
Sulphur dioxide
Carbon dioxide
Sulphur dioxide
Carbon dioxide
Ammonia
Methane
Nitrogen
Hydrogen
Helium
Carbon dioxide
Sulphur dioxide
Nitrogen
Argon
Hydrogen
Helium
Hydrogen
Helium
Hydrogen
Helium
Carbon dioxide
Sulphur dioxide
Nitrogen
Hydrogen
Helium
Sulphur dioxide
Silicates
Oxygen
Hydrogen
Helium
Water
Carbon dioxide
Ammonia
Sulphur dioxide
Silicates
Oxygen
Carbon dioxide
Nitrogen
Sulphur dioxide
Sulphur dioxide
Carbon dioxide
Nitrogen
Sulphur dioxide
Nitrogen
Hydrogen
Helium
Carbon dioxide
Sulphur dioxide
Carbon dioxide
Sulphur dioxide
Carbon dioxide
Sulphur dioxide
Carbon dioxide
Sulphur dioxide
Carbon dioxide
Sulphur dioxide
Hydrogen
Helium
Hydrogen
Helium
Argon
Ammonia
Methane
Nitrogen
Hydrogen
Helium
Sulphur dioxide
Silicates
Oxygen
Hydrogen
Helium
Sulphur dioxide
Silicates
Oxygen
Hydrogen
Helium
Argon
Hydrogen
Helium
